In current subs?,author_s_id,title,year,together,source_title,volume,issue,art_no,page_start,page_end,page_count,cited_by,doi,link,document_type,publication_stage,access_type,source,eid
open access,55936847100;7003835482;,Parallel predictive entropy search for batch global optimization of expensive objective functions,2015,Conference Paper__Advances in Neural Information Processing Systems__2015,Advances in Neural Information Processing Systems,2015-January,NA,NA,3330,3338,NA,11,NA,https://www.scopus.com/inward/record.uri?eid=2-s2.0-84965123646&partnerID=40&md5=df2a13ef5a7c44d836505cc180e0200e,Conference Paper,Final,NA,Scopus,2-s2.0-84965123646
NA,NA,[No title available],2015,Article__Google Image Search for CEO Has Barbie as First Female Result__2015,Google Image Search for CEO Has Barbie as First Female Result,NA,NA,NA,NA,NA,NA,1,NA,NA,Article,Final,NA,Scopus,2-s2.0-85051491976
licensed,NA,Noun phrase accessibility and universal grammar,1977,Article__Linguistic Inquiry__1977,Linguistic Inquiry,8,1,NA,63,99,NA,705,NA,NA,Article,Final,NA,Scopus,2-s2.0-84872711078
borrow direct,NA,[No title available],1993,"Article__Estimation and Tracking: Principles, Techniques, and Software__1993","Estimation and Tracking: Principles, Techniques, and Software",NA,NA,NA,NA,NA,NA,1765,NA,NA,Article,Final,NA,Scopus,2-s2.0-0003834266
licensed,36669774100;23011512800;7202743179;,Language-based control and mitigation of timing channels,2012,Conference Paper__Proceedings of the ACM SIGPLAN Conference on Programming Language Design and Implementation (PLDI)__2012,Proceedings of the ACM SIGPLAN Conference on Programming Language Design and Implementation (PLDI),NA,NA,NA,99,109,NA,36,10.1145/2254064.2254078,https://www.scopus.com/inward/record.uri?eid=2-s2.0-84863432828&doi=10.1145%2f2254064.2254078&partnerID=40&md5=0876f266b24b125c57cbe1da1c14a37c,Conference Paper,Final,NA,Scopus,2-s2.0-84863432828
licensed,24385217300;6701661395;57190531990;6701663182;25825177100;6603846052;24385668200;55752377000;39861786100;26632224000;,Novel metal containing resists for EUV lithography extendibility,2016,Conference Paper__Proceedings of SPIE - The International Society for Optical Engineering__2016,Proceedings of SPIE - The International Society for Optical Engineering,9776,NA,977606,NA,NA,NA,9,10.1117/12.2220149,https://www.scopus.com/inward/record.uri?eid=2-s2.0-84974599158&doi=10.1117%2f12.2220149&partnerID=40&md5=e008f6b715a6cc95cd1c20e8a3d6d055,Conference Paper,Final,NA,Scopus,2-s2.0-84974599158
NA,NA,[No title available],2005,Article__Algorithm Design__2005,Algorithm Design,NA,NA,NA,NA,NA,NA,753,NA,NA,Article,Final,NA,Scopus,2-s2.0-24044475960
licensed,26767668000;8839902600;,The irrevocable multiarmed bandit problem,2011,Article__Operations Research__2011,Operations Research,59,2,NA,383,399,NA,13,10.1287/opre.1100.0891,https://www.scopus.com/inward/record.uri?eid=2-s2.0-79957458110&doi=10.1287%2fopre.1100.0891&partnerID=40&md5=80849cbb0d2e5c2b6eb81d9c822236a9,Article,Final,NA,Scopus,2-s2.0-79957458110
open access,36082329700;24175970800;55976004000;,Adaptive Spatio-Temporal Exploratory Models: Hemisphere-wide species distributions from massively crowdsourced ebird data,2013,"Conference Paper__Proceedings of the 27th AAAI Conference on Artificial Intelligence, AAAI 2013__2013","Proceedings of the 27th AAAI Conference on Artificial Intelligence, AAAI 2013",NA,NA,NA,1284,1290,NA,12,NA,https://www.scopus.com/inward/record.uri?eid=2-s2.0-84893383816&partnerID=40&md5=ece5a048db0935a1e259f4dea59e2fa5,Conference Paper,Final,NA,Scopus,2-s2.0-84893383816
licensed,6504773964;35573133300;,How kids code and how we know: An exploratory study on the scratch repository,2016,Conference Paper__ICER 2016 - Proceedings of the 2016 ACM Conference on International Computing Education Research__2016,ICER 2016 - Proceedings of the 2016 ACM Conference on International Computing Education Research,NA,NA,NA,53,61,NA,28,10.1145/2960310.2960325,https://www.scopus.com/inward/record.uri?eid=2-s2.0-85000613380&doi=10.1145%2f2960310.2960325&partnerID=40&md5=60ca29776041094ddf87056070d6f6c0,Conference Paper,Final,NA,Scopus,2-s2.0-85000613380
open access,NA,[No title available],2014,Article__Pattern Decomposition with Complex Combinatorial Constraints: Application to Materials Discovery__2014,Pattern Decomposition with Complex Combinatorial Constraints: Application to Materials Discovery,1411,NA,NA,7441,NA,NA,1,NA,NA,Article,Final,NA,Scopus,2-s2.0-85020840538
borrow direct,NA,"Data-driven intervention: Correcting mathematics students' misconceptions, not mistakes",2013,Article__The Mathematics Educator__2013,The Mathematics Educator,23,NA,NA,1,NA,NA,1,NA,NA,Article,Final,NA,Scopus,2-s2.0-85046950916
licensed,6602125358;,Immersive training systems: Virtual reality and education and training,1995,Article__Instructional Science__1995,Instructional Science,23,5-6,NA,405,431,NA,141,10.1007/BF00896880,https://www.scopus.com/inward/record.uri?eid=2-s2.0-0005446313&doi=10.1007%2fBF00896880&partnerID=40&md5=c4c43a42608da75fe0f7dd3006aee1dd,Article,Final,NA,Scopus,2-s2.0-0005446313
licensed,NA,Using a computer in foreign language pronunciation training: What advantages?,1999,Article__CALICO Journal__1999,CALICO Journal,16,3,NA,447,469,NA,16,NA,NA,Article,Final,NA,Scopus,2-s2.0-23844492574
licensed,36237182200;18041996700;,Safe to the last instruction: Automated verification of a type-safe operating system,2010,Conference Paper__Proceedings of the ACM SIGPLAN Conference on Programming Language Design and Implementation (PLDI)__2010,Proceedings of the ACM SIGPLAN Conference on Programming Language Design and Implementation (PLDI),NA,NA,NA,99,110,NA,44,10.1145/1806596.1806610,https://www.scopus.com/inward/record.uri?eid=2-s2.0-77954740490&doi=10.1145%2f1806596.1806610&partnerID=40&md5=88a1d2b06335995c6b47fa8e506eac0b,Conference Paper,Final,NA,Scopus,2-s2.0-77954740490
licensed,57201133878;57191924112;36470973100;55323850100;55479424600;7402047189;,COMBA: A comprehensive model-based analysis framework for high level synthesis of real applications,2017,"Conference Paper__IEEE/ACM International Conference on Computer-Aided Design, Digest of Technical Papers, ICCAD__2017","IEEE/ACM International Conference on Computer-Aided Design, Digest of Technical Papers, ICCAD",2017-November,NA,NA,430,437,NA,7,10.1109/ICCAD.2017.8203809,https://www.scopus.com/inward/record.uri?eid=2-s2.0-85043505501&doi=10.1109%2fICCAD.2017.8203809&partnerID=40&md5=d26742bd30a2df5de36d8861840277a6,Conference Paper,Final,NA,Scopus,2-s2.0-85043505501
open access,[No author id available],[No title available],2014,"Article__Stefan Engblom, Jamol Pender, Approximations for the moments of nonstationary and state dependent birth-death queues__2014","Stefan Engblom, Jamol Pender, Approximations for the moments of nonstationary and state dependent birth-death queues",NA,NA,NA,NA,NA,NA,1,NA,NA,Article,Final,NA,Scopus,2-s2.0-85017253207
licensed,57189402821;,The Wave Model of Linguistic Change and the Naturalness of Interlanguage,1984,Article__Studies in Second Language Acquisition__1984,Studies in Second Language Acquisition,6,2,NA,160,185,NA,5,10.1017/S0272263100005003,https://www.scopus.com/inward/record.uri?eid=2-s2.0-33947155583&doi=10.1017%2fS0272263100005003&partnerID=40&md5=22c51ca4cf5ab7512faa493086358bdd,Article,Final,NA,Scopus,2-s2.0-33947155583
licensed,7007008058;,Effectance motivation reconsidered: Toward a developmental model,1978,Article__Human Development__1978,Human Development,21,1,NA,34,64,NA,756,10.1159/000271574,https://www.scopus.com/inward/record.uri?eid=2-s2.0-0017833539&doi=10.1159%2f000271574&partnerID=40&md5=f96c4fa98986c9701c3e2cfcf92d9592,Article,Final,NA,Scopus,2-s2.0-0017833539
licensed,6505992407;23566602800;6507724088;7202599826;7006097400;,Demographic patterns of blood donors and donations in a large metropolitan area,2011,Article__Journal of the National Medical Association__2011,Journal of the National Medical Association,103,4,NA,351,357,NA,25,10.1016/S0027-9684(15)30316-3,https://www.scopus.com/inward/record.uri?eid=2-s2.0-79959209187&doi=10.1016%2fS0027-9684%2815%2930316-3&partnerID=40&md5=f53ba3368ed26b3230ed4731fd749a37,Article,Final,NA,Scopus,2-s2.0-79959209187
licensed,11140570700;35180234300;35172636900;57191640475;7004487828;,MicroMandarin: Mobile language learning in context,2011,Conference Paper__Conference on Human Factors in Computing Systems - Proceedings__2011,Conference on Human Factors in Computing Systems - Proceedings,NA,NA,NA,3169,3178,NA,54,10.1145/1978942.1979413,https://www.scopus.com/inward/record.uri?eid=2-s2.0-79958086213&doi=10.1145%2f1978942.1979413&partnerID=40&md5=d32b338a5914ba959a2d67f155beab64,Conference Paper,Final,NA,Scopus,2-s2.0-79958086213
ILL,NA,Report on the need for and provision of an ideal information retrieval test collection,1975,Article__British Library Research and Development Report 5266__1975,British Library Research and Development Report 5266,NA,NA,NA,NA,NA,NA,96,NA,NA,Article,Final,NA,Scopus,2-s2.0-0004993491
licensed,37006923900;7801486317;50861028300;7003653015;7103411626;,Modeling stochastic correlated failures and their effects on network reliability,2011,"Conference Paper__Proceedings - International Conference on Computer Communications and Networks, ICCCN__2011","Proceedings - International Conference on Computer Communications and Networks, ICCCN",NA,NA,6005789,NA,NA,NA,26,10.1109/ICCCN.2011.6005789,https://www.scopus.com/inward/record.uri?eid=2-s2.0-80052979472&doi=10.1109%2fICCCN.2011.6005789&partnerID=40&md5=8848241b762361207f458ed7a2c9bf94,Conference Paper,Final,NA,Scopus,2-s2.0-80052979472
licensed,21742757900;35567301200;8656758200;,A knowledge-gradient policy for sequential information collection,2008,Article__SIAM Journal on Control and Optimization__2008,SIAM Journal on Control and Optimization,47,5,NA,2410,2439,NA,125,10.1137/070693424,https://www.scopus.com/inward/record.uri?eid=2-s2.0-55549135706&doi=10.1137%2f070693424&partnerID=40&md5=9cac87636b9989ee759e3a1dae80d160,Article,Final,NA,Scopus,2-s2.0-55549135706
licensed,55877054000;36022891600;7006623145;,Loop Splitting for Efficient Pipelining in High-Level Synthesis,2016,"Conference Paper__Proceedings - 24th IEEE International Symposium on Field-Programmable Custom Computing Machines, FCCM 2016__2016","Proceedings - 24th IEEE International Symposium on Field-Programmable Custom Computing Machines, FCCM 2016",NA,NA,7544750,72,79,NA,11,10.1109/FCCM.2016.27,https://www.scopus.com/inward/record.uri?eid=2-s2.0-84987602353&doi=10.1109%2fFCCM.2016.27&partnerID=40&md5=5a2b87aebb5413445bec54126f7ff80c,Conference Paper,Final,NA,Scopus,2-s2.0-84987602353
campus,NA,Mind bugs: The origins of procedural misconceptions,1990,Article__MIT Press__1990,MIT Press,NA,NA,NA,NA,NA,NA,2,NA,NA,Article,Final,NA,Scopus,2-s2.0-85041841585
licensed,56044150700;24353472500;,Gaussian Networks for Direct Adaptive Control,1992,Article__IEEE Transactions on Neural Networks__1992,IEEE Transactions on Neural Networks,3,6,NA,837,863,NA,1542,10.1109/72.165588,https://www.scopus.com/inward/record.uri?eid=2-s2.0-0026954302&doi=10.1109%2f72.165588&partnerID=40&md5=f511af0e25ccfea214c82425b96b7f39,Article,Final,NA,Scopus,2-s2.0-0026954302
campus,NA,[No title available],1994,Article__Optimal Control and Estimation__1994,Optimal Control and Estimation,NA,NA,NA,NA,NA,NA,1067,NA,NA,Article,Final,NA,Scopus,2-s2.0-0004294973
licensed,7004163287;7006471942;8102558300;7004347773;,Multiple model-based reinforcement learning,2002,Article__Neural Computation__2002,Neural Computation,14,6,NA,1347,1369,NA,221,10.1162/089976602753712972,https://www.scopus.com/inward/record.uri?eid=2-s2.0-0036618011&doi=10.1162%2f089976602753712972&partnerID=40&md5=4e2085d1969013be7e859a8ee9c80a1b,Article,Final,NA,Scopus,2-s2.0-0036618011
NA,NA,[No title available],2012,Article__SecureBlue++: CPU Support for Secure Execution__2012,SecureBlue++: CPU Support for Secure Execution,NA,NA,NA,NA,NA,NA,13,NA,NA,Article,Final,NA,Scopus,2-s2.0-84903968510
licensed,7003960086;24512337400;7004157709;6701589804;7004912699;,Fairness through awareness,2012,Conference Paper__ITCS 2012 - Innovations in Theoretical Computer Science Conference__2012,ITCS 2012 - Innovations in Theoretical Computer Science Conference,NA,NA,NA,214,226,NA,118,10.1145/2090236.2090255,https://www.scopus.com/inward/record.uri?eid=2-s2.0-84856446756&doi=10.1145%2f2090236.2090255&partnerID=40&md5=3dcbd1113e3dca15a06794233638dcf2,Conference Paper,Final,NA,Scopus,2-s2.0-84856446756
licensed,55884772700;,The politics of search: A decade retrospective,2010,Article__Information Society__2010,Information Society,26,5,NA,364,374,NA,44,10.1080/01972243.2010.511560,https://www.scopus.com/inward/record.uri?eid=2-s2.0-77957786521&doi=10.1080%2f01972243.2010.511560&partnerID=40&md5=023649711918c14ce18606e641420fd0,Article,Final,NA,Scopus,2-s2.0-77957786521
NA,[No author id available],[No title available],2017,Article__Public Corpus__2017,Public Corpus,NA,NA,NA,NA,NA,NA,1,NA,NA,Article,Final,NA,Scopus,2-s2.0-85050210936
licensed,18036540500;40461837100;6602378933;,Runtime dependency analysis for loop pipelining in high-level synthesis,2013,Conference Paper__Proceedings - Design Automation Conference__2013,Proceedings - Design Automation Conference,NA,NA,51,NA,NA,NA,19,10.1145/2463209.2488796,https://www.scopus.com/inward/record.uri?eid=2-s2.0-84879866783&doi=10.1145%2f2463209.2488796&partnerID=40&md5=2aad89a4a0676899e9f77752e9a921aa,Conference Paper,Final,NA,Scopus,2-s2.0-84879866783
licensed,7201838430;12141071500;57203521425;,Graph algorithms for biological systems analysis,2008,Conference Paper__Proceedings of the Annual ACM-SIAM Symposium on Discrete Algorithms__2008,Proceedings of the Annual ACM-SIAM Symposium on Discrete Algorithms,NA,NA,NA,142,151,NA,4,NA,https://www.scopus.com/inward/record.uri?eid=2-s2.0-58449116680&partnerID=40&md5=16dcc7c065f50e29768a03187225ff8a,Conference Paper,Final,NA,Scopus,2-s2.0-58449116680
open access,NA,Oblivious multi-party machine learning on trusted processors,2016,Article__USENIX Security__2016,USENIX Security,NA,NA,NA,619,636,NA,53,NA,NA,Article,Final,NA,Scopus,2-s2.0-85021876140
licensed,16202696800;,"Village voices, global visions: Digital video as a transformative foreign language learning tool",2007,Review__Foreign Language Annals__2007,Foreign Language Annals,40,1,NA,62,78,NA,28,10.1111/j.1944-9720.2007.tb02854.x,https://www.scopus.com/inward/record.uri?eid=2-s2.0-34147173724&doi=10.1111%2fj.1944-9720.2007.tb02854.x&partnerID=40&md5=eabc37fa38de0e226e7c9f396e9b0d7d,Review,Final,NA,Scopus,2-s2.0-34147173724
licensed,7005010819;7401744122;,The measurement of observer agreement for categorical data,1977,Article__Biometrics__1977,Biometrics,33,1,NA,159,174,NA,33155,10.2307/2529310,https://www.scopus.com/inward/record.uri?eid=2-s2.0-0017360990&doi=10.2307%2f2529310&partnerID=40&md5=2c6854ce4ed10cc020270e91318cfde4,Article,Final,NA,Scopus,2-s2.0-0017360990
licensed,8586136000;55486416300;7005951931;7004602701;,Estimating population density and connectivity of American mink using spatial capture-recapture,2016,Article__Ecological Applications__2016,Ecological Applications,26,4,NA,1125,1135,NA,21,10.5061/dryad.s7ph4,https://www.scopus.com/inward/record.uri?eid=2-s2.0-84973470505&doi=10.5061%2fdryad.s7ph4&partnerID=40&md5=72974ebe2b268e7c97762399340b423a,Article,Final,NA,Scopus,2-s2.0-84973470505
licensed,7202596577;35310906100;6603664120;7004863303;7801656652;,Comparison of the crossed and the Gregorian Mizuguchi-Dragone for wide-field millimeter-wave astronomy,2008,Article__Applied Optics__2008,Applied Optics,47,2,NA,103,109,NA,30,10.1364/AO.47.000103,https://www.scopus.com/inward/record.uri?eid=2-s2.0-40749105336&doi=10.1364%2fAO.47.000103&partnerID=40&md5=39bd1746103b6602cce072206b51024c,Article,Final,NA,Scopus,2-s2.0-40749105336
licensed,57188737716;56404812700;56404966900;56072647700;55155492900;57192079548;57203319122;57203321537;7102114857;7004431724;7007012493;57194133671;36483083400;7201909659;18042151000;56066378100;56924810000;24399919900;35312048100;36483517300;18042601100;56515368300;,Cooldown strategies and transient thermal simulations for the Simons Observatory,2018,Conference Paper__Proceedings of SPIE - The International Society for Optical Engineering__2018,Proceedings of SPIE - The International Society for Optical Engineering,10708,NA,1070827,NA,NA,NA,2,10.1117/12.2312679,https://www.scopus.com/inward/record.uri?eid=2-s2.0-85051265415&doi=10.1117%2f12.2312679&partnerID=40&md5=f241a507b5d10eb6bcf80a0e95b0f57e,Conference Paper,Final,NA,Scopus,2-s2.0-85051265415
open access,35272748600;57193748567;7403109708;35387912300;36015410500;34971373300;,Sparse probit linear mixed model,2017,Article__Machine Learning__2017,Machine Learning,106,9-10,NA,1621,1642,NA,3,10.1007/s10994-017-5652-6,https://www.scopus.com/inward/record.uri?eid=2-s2.0-85023771836&doi=10.1007%2fs10994-017-5652-6&partnerID=40&md5=88f4fae9bfa05bb69159d1b73a14b63a,Article,Final,NA,Scopus,2-s2.0-85023771836
licensed,55598413700;36920928000;,Approximations for the queue length distributions of time-varying many-server queues,2017,Article__INFORMS Journal on Computing__2017,INFORMS Journal on Computing,29,4,NA,688,704,NA,5,10.1287/ijoc.2017.0760,https://www.scopus.com/inward/record.uri?eid=2-s2.0-85017240389&doi=10.1287%2fijoc.2017.0760&partnerID=40&md5=c4c93b6eb988cf171b1f76aaa9d6c391,Article,Final,NA,Scopus,2-s2.0-85017240389
licensed,55554784900;57203424800;,"Fake it till you make it: Reputation, competition, and yelp review fraud",2016,Conference Paper__Management Science__2016,Management Science,62,12,NA,3412,3427,NA,85,10.1287/mnsc.2015.2304,https://www.scopus.com/inward/record.uri?eid=2-s2.0-84992187473&doi=10.1287%2fmnsc.2015.2304&partnerID=40&md5=2f02a3c070d3d4cc08e957b57e4f02a6,Conference Paper,Final,NA,Scopus,2-s2.0-84992187473
licensed,24530768300;7005244296;24600858800;,A Formal Basis for the Heuristic Determination of Minimum Cost Paths,1968,Article__IEEE Transactions on Systems Science and Cybernetics__1968,IEEE Transactions on Systems Science and Cybernetics,4,2,NA,100,107,NA,4013,10.1109/TSSC.1968.300136,https://www.scopus.com/inward/record.uri?eid=2-s2.0-84899829959&doi=10.1109%2fTSSC.1968.300136&partnerID=40&md5=1c8bca093a1fb7a88c1a4fbdeb167ff8,Article,Final,NA,Scopus,2-s2.0-84899829959
licensed,6602117301;,Protection and the Control of Information Sharing in Multics,1974,Article__Communications of the ACM__1974,Communications of the ACM,17,7,NA,388,402,NA,166,10.1145/361011.361067,https://www.scopus.com/inward/record.uri?eid=2-s2.0-0016081584&doi=10.1145%2f361011.361067&partnerID=40&md5=5d9175daadf9162f424c6455b69dc531,Article,Final,NA,Scopus,2-s2.0-0016081584
licensed,36460852500;7005835144;7201818454;,Indirect training of a spiking neural network for flight control via spike-timing-dependent synaptic plasticity,2010,Conference Paper__Proceedings of the IEEE Conference on Decision and Control__2010,Proceedings of the IEEE Conference on Decision and Control,NA,NA,5717260,911,917,NA,5,10.1109/CDC.2010.5717260,https://www.scopus.com/inward/record.uri?eid=2-s2.0-79953127455&doi=10.1109%2fCDC.2010.5717260&partnerID=40&md5=9a8dbaa5213a64e399ea56d27e8b6860,Conference Paper,Final,NA,Scopus,2-s2.0-79953127455
licensed,NA,On the Markov property of the GI/G/âˆž Gaussian limit,1982,Article__Adv. Appl. Probab.__1982,Adv. Appl. Probab.,14,NA,NA,191,194,NA,9,NA,NA,Article,Final,NA,Scopus,2-s2.0-3042862708
licensed,NA,SuperSpec: The on-chip spectrometer: Characterization of a full 300 channel filterbank,2018,Article__Proc. SPIE__2018,Proc. SPIE,NA,NA,NA,10708,10723,NA,2,NA,NA,Article,Final,NA,Scopus,2-s2.0-85051244495
open access,7408036072;8644713700;6603805660;,Lagrangian relaxation techniques for scalable spatial conservation planning,2012,Conference Paper__Proceedings of the National Conference on Artificial Intelligence__2012,Proceedings of the National Conference on Artificial Intelligence,1,NA,NA,309,315,NA,18,NA,https://www.scopus.com/inward/record.uri?eid=2-s2.0-84868283488&partnerID=40&md5=0680a2435bcf523175f69fe6826be547,Conference Paper,Final,NA,Scopus,2-s2.0-84868283488
licensed,57196855670;7003414228;,A fast approach to computing exact solutions to the Resource-Constrained Scheduling problem,2001,Article__ACM Transactions on Design Automation of Electronic Systems__2001,ACM Transactions on Design Automation of Electronic Systems,6,4,NA,490,500,NA,27,10.1145/502175.502178,https://www.scopus.com/inward/record.uri?eid=2-s2.0-23044530732&doi=10.1145%2f502175.502178&partnerID=40&md5=54b33ddd4ef3734bad2350e582a1c53d,Article,Final,NA,Scopus,2-s2.0-23044530732
open access,56333160200;35195492000;12344497700;56140107000;55996757900;,Putting polyhedral loop transformations to work,2004,Article__Lecture Notes in Computer Science (including subseries Lecture Notes in Artificial Intelligence and Lecture Notes in Bioinformatics)__2004,Lecture Notes in Computer Science (including subseries Lecture Notes in Artificial Intelligence and Lecture Notes in Bioinformatics),2958,NA,NA,209,225,NA,55,NA,https://www.scopus.com/inward/record.uri?eid=2-s2.0-35048899223&partnerID=40&md5=6c4cf641dc8aaa27ddffd730c7e25754,Article,Final,NA,Scopus,2-s2.0-35048899223
licensed,8576012000;35209037600;,Fuzzy Q-learning in a nondeterministic environment: Developing an intelligent Ms. Pac-Man agent,2009,Conference Paper__CIG2009 - 2009 IEEE Symposium on Computational Intelligence and Games__2009,CIG2009 - 2009 IEEE Symposium on Computational Intelligence and Games,NA,NA,5286478,162,169,NA,16,10.1109/CIG.2009.5286478,https://www.scopus.com/inward/record.uri?eid=2-s2.0-71549136167&doi=10.1109%2fCIG.2009.5286478&partnerID=40&md5=36563a848e1a7fbb4aef509c5773109f,Conference Paper,Final,NA,Scopus,2-s2.0-71549136167
open access,NA,Language-based information-flow security,2006,Article__Journal on Selected Areas in Communications Archive__2006,Journal on Selected Areas in Communications Archive,21,1,NA,5,19,NA,2,NA,NA,Article,Final,NA,Scopus,2-s2.0-84910594280
licensed,55719797100;,Insect Flight: From Newton's Law to Neurons,2016,Review__Annual Review of Condensed Matter Physics__2016,Annual Review of Condensed Matter Physics,7,NA,NA,281,300,NA,3,10.1146/annurev-conmatphys-031113-133853,https://www.scopus.com/inward/record.uri?eid=2-s2.0-84962587700&doi=10.1146%2fannurev-conmatphys-031113-133853&partnerID=40&md5=34afd6df2b93bcd693fbc0ca1b10df1a,Review,Final,NA,Scopus,2-s2.0-84962587700
licensed,8647812300;23392092000;24832628900;7202971037;55210952600;36454762400;55549317400;56517719000;10738811500;55548923200;7201463120;7102890407;7003337096;25225598300;8322212900;56517285100;56226355000;56518032500;7101746045;56514434900;6603689596;24833215600;6506725695;6603633392;6603036698;7004638382;57198118088;7402891599;7401819741;36344414400;55673815200;35312953000;,BICEP3: A 95GHz refracting telescope for degree-scale CMB polarization,2014,Conference Paper__Proceedings of SPIE - The International Society for Optical Engineering__2014,Proceedings of SPIE - The International Society for Optical Engineering,9153,NA,91531N,NA,NA,NA,36,10.1117/12.2057224,https://www.scopus.com/inward/record.uri?eid=2-s2.0-84921464903&doi=10.1117%2f12.2057224&partnerID=40&md5=d8873b41cb84c01d1637bb6480f83493,Conference Paper,Final,NA,Scopus,2-s2.0-84921464903
open access,NA,Expressive AI: Games and artificial intelligence,2003,Article__Proc. Int. DiGRA Conf__2003,Proc. Int. DiGRA Conf,NA,NA,NA,NA,NA,NA,18,NA,NA,Article,Final,NA,Scopus,2-s2.0-67549117449
licensed,7006040754;55598413700;,Gaussian skewness approximation for dynamic rate multi-server queues with abandonment,2013,Article__Queueing Systems__2013,Queueing Systems,75,2-4,NA,243,277,NA,26,10.1007/s11134-012-9340-8,https://www.scopus.com/inward/record.uri?eid=2-s2.0-84885030291&doi=10.1007%2fs11134-012-9340-8&partnerID=40&md5=f272b52a45a7dac58ff3751c3721af5a,Article,Final,NA,Scopus,2-s2.0-84885030291
licensed,6603422905;57203400217;6602625293;,The sample average approximation method for stochastic discrete optimization,2002,Article__SIAM Journal on Optimization__2002,SIAM Journal on Optimization,12,2,NA,479,502,NA,585,10.1137/S1052623499363220,https://www.scopus.com/inward/record.uri?eid=2-s2.0-0036013019&doi=10.1137%2fS1052623499363220&partnerID=40&md5=6203fe20bdfd1b295b44a1dcd2729399,Article,Final,NA,Scopus,2-s2.0-0036013019
open access,55967867500;8865128200;,A kernel method for multi-labelled classification,2002,Conference Paper__Advances in Neural Information Processing Systems__2002,Advances in Neural Information Processing Systems,NA,NA,NA,NA,NA,NA,316,NA,https://www.scopus.com/inward/record.uri?eid=2-s2.0-76649137444&partnerID=40&md5=1d82584e83820beb8cbf9a472a03fb64,Conference Paper,Final,NA,Scopus,2-s2.0-76649137444
open access,55665203900;,Iterative modulo scheduling: an algorithm for software pipelining loops,1994,Article__Professional Engineering__1994,Professional Engineering,7,21,NA,63,74,NA,338,NA,https://www.scopus.com/inward/record.uri?eid=2-s2.0-0028768013&partnerID=40&md5=a54f61719d370d1686c89e058d9ac587,Article,Final,NA,Scopus,2-s2.0-0028768013
licensed,35567330600;7006040754;7003370789;,Strong approximations for Markovian service networks,1998,Article__Queueing Systems__1998,Queueing Systems,30,1-2,NA,149,201,NA,141,NA,https://www.scopus.com/inward/record.uri?eid=2-s2.0-0032264872&partnerID=40&md5=bfed38688035d81d428fddf521ebfd86,Article,Final,NA,Scopus,2-s2.0-0032264872
licensed,36454817200;26633211000;24779615400;55580760500;57111504300;36683246100;52264190200;24528225300;56155680100;55332010800;57111514300;36124561500;7202100326;6505879747;7401930147;7006231606;7006055356;57204337562;,An agile approach to building RISC-V microprocessors,2016,Article__IEEE Micro__2016,IEEE Micro,36,2,7436635,8,20,NA,13,10.1109/MM.2016.11,https://www.scopus.com/inward/record.uri?eid=2-s2.0-84964600624&doi=10.1109%2fMM.2016.11&partnerID=40&md5=0bc38f76d3e71ea041efb4eca19431c5,Article,Final,NA,Scopus,2-s2.0-84964600624
ILL,NA,[No title available],2005,Article__CBC User Guide__2005,CBC User Guide,NA,NA,NA,NA,NA,NA,16,NA,NA,Article,Final,NA,Scopus,2-s2.0-84859149524
licensed,7201818454;13105432400;6506468046;,Probabilistic track coverage in cooperative sensor networks,2010,"Article__IEEE Transactions on Systems, Man, and Cybernetics, Part B: Cybernetics__2010","IEEE Transactions on Systems, Man, and Cybernetics, Part B: Cybernetics",40,6,5431328,1492,1504,NA,16,10.1109/TSMCB.2010.2041449,https://www.scopus.com/inward/record.uri?eid=2-s2.0-78649341359&doi=10.1109%2fTSMCB.2010.2041449&partnerID=40&md5=8e92ca7c194c3ac0b226c797d20f77aa,Article,Final,NA,Scopus,2-s2.0-78649341359
licensed,55699066000;26767588000;8659118100;56470320800;57188704997;7003977191;7401783933;35301937800;,Throughput-optimized openCL-based FPGA accelerator for large-scale convolutional neural networks,2016,Conference Paper__FPGA 2016 - Proceedings of the 2016 ACM/SIGDA International Symposium on Field-Programmable Gate Arrays__2016,FPGA 2016 - Proceedings of the 2016 ACM/SIGDA International Symposium on Field-Programmable Gate Arrays,NA,NA,NA,16,25,NA,112,10.1145/2847263.2847276,https://www.scopus.com/inward/record.uri?eid=2-s2.0-84966471227&doi=10.1145%2f2847263.2847276&partnerID=40&md5=16a7805ae842f290f8e7af76e654b182,Conference Paper,Final,NA,Scopus,2-s2.0-84966471227
licensed,6506428800;35451872900;,Optimally combining sampling techniques for Monte Carlo rendering,1995,Conference Paper__Proceedings of the ACM SIGGRAPH Conference on Computer Graphics__1995,Proceedings of the ACM SIGGRAPH Conference on Computer Graphics,NA,NA,NA,419,428,NA,263,NA,https://www.scopus.com/inward/record.uri?eid=2-s2.0-0029191761&partnerID=40&md5=7eafccaedfcc4364bc2c79fff338c6eb,Conference Paper,Final,NA,Scopus,2-s2.0-0029191761
licensed,7004330827;7003330520;,Optimal Power Flow Solutions,1968,Article__IEEE Transactions on Power Apparatus and Systems__1968,IEEE Transactions on Power Apparatus and Systems,PAS-87,10,NA,1866,1876,NA,961,10.1109/TPAS.1968.292150,https://www.scopus.com/inward/record.uri?eid=2-s2.0-84914405497&doi=10.1109%2fTPAS.1968.292150&partnerID=40&md5=c8990a4bd048cafb97599b498c9f20f5,Article,Final,NA,Scopus,2-s2.0-84914405497
campus,NA,[No title available],1996,Article__Creativity: Flow and the Psychology of Discovery and Invention__1996,Creativity: Flow and the Psychology of Discovery and Invention,NA,NA,NA,NA,NA,NA,3135,NA,NA,Article,Final,NA,Scopus,2-s2.0-0003918664
licensed,NA,On the interchange of derivative and expectation for likelihood ratio derivative estimators,1995,Article__Management Science__1995,Management Science,41,4,NA,738,748,NA,28,NA,NA,Article,Final,NA,Scopus,2-s2.0-0011744299
open access,NA,Uberspark: Enforcing verifiable object abstractions for automated compositional security analysis of a hypervisor,0,Article__USENIX Security Symposium__0000,USENIX Security Symposium,NA,NA,NA,87,104,NA,6,NA,NA,Article,Final,NA,Scopus,2-s2.0-85028023578
open access,22835856900;57196848085;7201530533;,Text-free user interfaces for illiterate and semi-literate users,2006,"Conference Paper__2006 International Conference on Information and Communication Technology and Development, ICTD2006__2006","2006 International Conference on Information and Communication Technology and Development, ICTD2006",NA,NA,4085517,72,82,NA,74,10.1109/ICTD.2006.301841,https://www.scopus.com/inward/record.uri?eid=2-s2.0-47649090389&doi=10.1109%2fICTD.2006.301841&partnerID=40&md5=73da99dded4f92b4b0c265b7189ae21f,Conference Paper,Final,NA,Scopus,2-s2.0-47649090389
licensed,7007056747;7003771641;7003517988;7003469333;,The nonstochastic multiarmed bandit problem,2003,Article__SIAM Journal on Computing__2003,SIAM Journal on Computing,32,1,NA,48,77,NA,689,10.1137/S0097539701398375,https://www.scopus.com/inward/record.uri?eid=2-s2.0-0037709910&doi=10.1137%2fS0097539701398375&partnerID=40&md5=b272f12963a3925f3e7edfd3cac6b254,Article,Final,NA,Scopus,2-s2.0-0037709910
licensed,NA,Google fined record $2.7 billion in e.u. antitrust ruling,2017,Article__New York Times__2017,New York Times,NA,NA,NA,NA,NA,NA,2,NA,NA,Article,Final,NA,Scopus,2-s2.0-85051544320
licensed,24451219800;56308843400;,S2CBench: Synthesizable systemc benchmark suite for high-level synthesis,2014,Article__IEEE Embedded Systems Letters__2014,IEEE Embedded Systems Letters,6,3,3,53,56,NA,36,10.1109/LES.2014.2320556,https://www.scopus.com/inward/record.uri?eid=2-s2.0-84906830646&doi=10.1109%2fLES.2014.2320556&partnerID=40&md5=80e4d2a668c40254f132e2757e140491,Article,Final,NA,Scopus,2-s2.0-84906830646
licensed,55667017700;7101851590;,Differentiable invariants,2006,Conference Paper__Lecture Notes in Computer Science (including subseries Lecture Notes in Artificial Intelligence and Lecture Notes in Bioinformatics)__2006,Lecture Notes in Computer Science (including subseries Lecture Notes in Artificial Intelligence and Lecture Notes in Bioinformatics),4204 LNCS,NA,NA,604,619,NA,13,NA,https://www.scopus.com/inward/record.uri?eid=2-s2.0-33750377030&partnerID=40&md5=82bbade25ee6f5ed6e3e1f02c63d7647,Conference Paper,Final,NA,Scopus,2-s2.0-33750377030
open access,6602671246;23479291500;6507151299;43360904200;8540383500;7202971037;55662855000;35748580800;24437550600;35276941600;7103030457;25225063500;14832390700;7103168546;35112881300;55432044800;14824427000;55365310800;7102114857;56034660600;7003406767;6603614459;11140147500;24832629800;16068355800;8613213900;6603546112;6603664120;7005662100;18041568000;16743815300;7102202112;7101797383;34768542300;7404359871;8654532300;8322212900;35310368800;7006437691;7007012492;25225738500;7005568528;7003611230;7101746045;56514434900;7402265625;35310906100;35173035000;7103084146;7004243122;7201909659;36638084000;15078736800;18042151000;55459283800;24833215600;55533003000;6603036698;7004355687;7005543132;23968082500;35351792100;7005491386;7004477973;6602975545;7410185801;7007108870;6602110438;25226226600;7004294216;36344414400;55872702900;55553732907;35546436100;55673815200;35312953000;35312947700;,Neutrino physics from the cosmic microwave background and large scale structure,2015,Article__Astroparticle Physics__2015,Astroparticle Physics,63,NA,NA,66,80,NA,142,10.1016/j.astropartphys.2014.05.014,https://www.scopus.com/inward/record.uri?eid=2-s2.0-84908150480&doi=10.1016%2fj.astropartphys.2014.05.014&partnerID=40&md5=ba021105324be79b6982cd799bf6e8ed,Article,Final,NA,Scopus,2-s2.0-84908150480
licensed,NA,Designs for next generation cmb survey strategies from Chile,2018,"Article__Millimeter, Submillimeter, and Far-Infrared Detectors and Instrumentation for Astronomy IX, Proc. of SPIE__2018","Millimeter, Submillimeter, and Far-Infrared Detectors and Instrumentation for Astronomy IX, Proc. of SPIE",NA,NA,NA,10708,11136,NA,2,NA,NA,Article,Final,NA,Scopus,2-s2.0-85051942709
licensed,NA,Simulation-optimization via Kriging and bootstrapping: A survey,2014,Article__Journal of Simulation__2014,Journal of Simulation,8,4,NA,241,250,NA,18,NA,NA,Article,Final,NA,Scopus,2-s2.0-84929903592
licensed,7005998604;6603705920;7402887888;7005451384;,Sensorimotor encoding by synchronous neural ensemble activity at multiple levels of the somatosensory system,1995,Article__Science__1995,Science,268,5215,NA,1353,1358,NA,444,10.1126/science.7761855,https://www.scopus.com/inward/record.uri?eid=2-s2.0-0029023599&doi=10.1126%2fscience.7761855&partnerID=40&md5=90623ac37a06c28c044efa22e34491a3,Article,Final,NA,Scopus,2-s2.0-0029023599
NA,[No author id available],[No title available],0,Article__The AMC13 Project__0000,The AMC13 Project,NA,NA,NA,NA,NA,NA,4,NA,NA,Article,Final,NA,Scopus,2-s2.0-84893145837
open access,7102594585;,"Paths, trees, and flowers",2018,Article__Canadian Journal of Mathematics__2018,Canadian Journal of Mathematics,70,1,NA,449,467,NA,724,NA,https://www.scopus.com/inward/record.uri?eid=2-s2.0-85040978008&partnerID=40&md5=a440aede774b3e88be1605da4dcdd116,Article,Final,NA,Scopus,2-s2.0-85040978008
licensed,45561476000;21742757900;35567301200;,The knowledge-gradient algorithm for sequencing experiments in drug discovery,2011,Article__INFORMS Journal on Computing__2011,INFORMS Journal on Computing,23,3,NA,346,363,NA,35,10.1287/ijoc.1100.0417,https://www.scopus.com/inward/record.uri?eid=2-s2.0-79961092747&doi=10.1287%2fijoc.1100.0417&partnerID=40&md5=ed1277aa70e2b18be168885cc46fb14d,Article,Final,NA,Scopus,2-s2.0-79961092747
open access,[No author id available],[No title available],2017,Article__CMB-S4 Technology Book__2017,CMB-S4 Technology Book,NA,NA,NA,NA,NA,NA,4,NA,NA,Article,Final,NA,Scopus,2-s2.0-85051255445
open access,37120759100;,Bounds on greedy algorithms for MAX SAT,2011,Conference Paper__Lecture Notes in Computer Science (including subseries Lecture Notes in Artificial Intelligence and Lecture Notes in Bioinformatics)__2011,Lecture Notes in Computer Science (including subseries Lecture Notes in Artificial Intelligence and Lecture Notes in Bioinformatics),6942 LNCS,NA,NA,37,48,NA,14,10.1007/978-3-642-23719-5_4,https://www.scopus.com/inward/record.uri?eid=2-s2.0-80052793433&doi=10.1007%2f978-3-642-23719-5_4&partnerID=40&md5=4d9f77ee48b2448b48879f43560dda6e,Conference Paper,Final,NA,Scopus,2-s2.0-80052793433
open access,NA,XNOR-Net: ImageNet Classification Using Binary Convolutional Neural Networks,2016,Article__Xnor-net: Imagenet Classification Using Binary Convolutional Neural Networks__2016,Xnor-net: Imagenet Classification Using Binary Convolutional Neural Networks,NA,NA,NA,NA,NA,NA,111,NA,NA,Article,Final,NA,Scopus,2-s2.0-84988926875
licensed,55647746000;7601476272;23390082900;24512792300;,Approximate constraint satisfaction requires large LP relaxations,2016,Article__Journal of the ACM__2016,Journal of the ACM,63,4,34,NA,NA,NA,13,10.1145/2811255,https://www.scopus.com/inward/record.uri?eid=2-s2.0-84994048921&doi=10.1145%2f2811255&partnerID=40&md5=2ca9d49b91f18955c579142e9ab6249a,Article,Final,NA,Scopus,2-s2.0-84994048921
open access,NA,Vale: Verifying high-performance cryptographic assembly code,2017,Article__26th USENIX Security Symposium__2017,26th USENIX Security Symposium,NA,NA,NA,917,934,NA,9,NA,NA,Article,Final,NA,Scopus,2-s2.0-85041442942
licensed,57194913708;,"Greedy Matching Algorithms, an Experimental Study",1998,Article__ACM Journal of Experimental Algorithmics__1998,ACM Journal of Experimental Algorithmics,3,NA,NA,6,NA,NA,20,10.1145/297096.297131,https://www.scopus.com/inward/record.uri?eid=2-s2.0-84991437088&doi=10.1145%2f297096.297131&partnerID=40&md5=d1ebbe5f70c635f62eb213686b602b40,Article,Final,NA,Scopus,2-s2.0-84991437088
licensed,57203072104;,Astronomy: New distance record for galaxies,2013,Article__Nature__2013,Nature,502,7472,NA,459,460,NA,4,10.1038/502459a,https://www.scopus.com/inward/record.uri?eid=2-s2.0-84886809188&doi=10.1038%2f502459a&partnerID=40&md5=d64a5b5fa309944f9789fb9c51a147b9,Article,Final,NA,Scopus,2-s2.0-84886809188
open access,56137449300;55339922400;9246205400;15762317700;7006578208;,Central-complex control of movement in the freely walking cockroach,2015,Article__Current Biology__2015,Current Biology,25,21,NA,2795,2803,NA,48,10.1016/j.cub.2015.09.044,https://www.scopus.com/inward/record.uri?eid=2-s2.0-84960807769&doi=10.1016%2fj.cub.2015.09.044&partnerID=40&md5=a2995e37838f6163fe77f4b30d4648e5,Article,Final,Open Access,Scopus,2-s2.0-84960807769
open access,57191586998;7005057102;,Frequency domain acceleration of convolutional neural networks on CPU-FPGA shared memory system,2017,Conference Paper__FPGA 2017 - Proceedings of the 2017 ACM/SIGDA International Symposium on Field-Programmable Gate Arrays__2017,FPGA 2017 - Proceedings of the 2017 ACM/SIGDA International Symposium on Field-Programmable Gate Arrays,NA,NA,NA,35,44,NA,25,10.1145/3020078.3021727,https://www.scopus.com/inward/record.uri?eid=2-s2.0-85016063693&doi=10.1145%2f3020078.3021727&partnerID=40&md5=920ce4528de828bac0fc4ea054bd1f95,Conference Paper,Final,Open Access,Scopus,2-s2.0-85016063693
open access,55479424600;18037975700;55095258500;7201669172;34869347800;7405452600;,"High-level synthesis: Productivity, performance, and software constraints",2012,Article__Journal of Electrical and Computer Engineering__2012,Journal of Electrical and Computer Engineering,NA,NA,649057,NA,NA,NA,48,10.1155/2012/649057,https://www.scopus.com/inward/record.uri?eid=2-s2.0-84863348848&doi=10.1155%2f2012%2f649057&partnerID=40&md5=eef14aaba23ff595ea196c7d5f8e0209,Article,Final,Open Access,Scopus,2-s2.0-84863348848
open access,57196482000;7402191525;,"The ""what"" and ""why"" of goal pursuits: Human needs and the self-determination of behavior",2000,Article__Psychological Inquiry__2000,Psychological Inquiry,11,4,NA,227,268,NA,8071,10.1207/S15327965PLI1104_01,https://www.scopus.com/inward/record.uri?eid=2-s2.0-0034549672&doi=10.1207%2fS15327965PLI1104_01&partnerID=40&md5=146b820a76657120988e8924b991e5e1,Article,Final,Open Access,Scopus,2-s2.0-0034549672
open access,14035597300;7004744483;,Finite-sample equivalence in statistical models for presence-only data,2013,Article__Annals of Applied Statistics__2013,Annals of Applied Statistics,7,4,NA,1917,1939,NA,56,10.1214/13-AOAS667,https://www.scopus.com/inward/record.uri?eid=2-s2.0-84890888563&doi=10.1214%2f13-AOAS667&partnerID=40&md5=a616a68e96b3076773385ff963146d71,Article,Final,Open Access,Scopus,2-s2.0-84890888563
open access,7006368713;6701390827;8647812300;24832653300;56517612300;7101923199;57195496279;7003424778;7003524751;6505952161;7004240529;7401908689;57199649157;7003875704;35241723200;7006201952;36348152500;24832628900;35405956200;7004386449;6506576285;8540383500;7202971037;15057539200;15843147700;55662855000;57203087530;7007123513;7006890666;14821772300;7004457893;36454762400;55549317400;6603819488;55438741400;56568155200;24437550600;55587898400;26645983900;7003681352;6603916158;14832390700;8876468700;7102464648;55891579000;56517719000;35352821900;6603218201;35748506700;57190702506;14630063300;55152697700;8542178200;16452015600;7006520442;55259066800;55181000700;6603577641;6602610954;6701766902;7102025967;7006314412;6701458135;14630380000;6603614459;6701702242;35308644100;6603035064;55601073900;11140147500;6601991850;23989988700;7005694698;23469136100;7004428302;7102697511;7003349192;10738811500;56239931500;26537476400;6603126232;6506341877;16068355800;56592156500;44461192900;14630273900;7102963202;7004144883;35268342900;7005975383;35558575300;6602256764;55885240100;7006440372;6701556321;14630220200;14619247700;36482758000;7201463120;7103011946;7201616366;34969378600;24832636400;7006333437;6507411761;12038761300;7005662100;7102890407;6603829666;7005651121;7202555066;35322347300;7003337096;7801500383;25225598300;54789673200;8322212900;35415116200;9532899000;7004955432;35310368800;57204303088;15765247600;56226355000;24833340300;7007012492;56518217200;55885669700;55549106000;22979949700;6506052811;6603072047;35322408800;7005568528;7101746045;36508653100;7102120605;56514434900;6603602446;7102326162;57202570352;57202572509;7005763897;27169527700;7402265625;35173035000;11838935200;6506220424;7403488218;8679650300;6603770482;57202568018;8559894400;7004243122;6506262338;6508080858;57203030736;14058603600;8627117200;25630649100;14008873300;26326972300;7004636767;7005287842;7401794381;57200572851;6507079874;7003744659;56253777700;35422800600;6603802603;35092838400;56643292200;6603678039;36523417000;55975147200;35422761600;7004828613;8984148600;35318355900;55678868000;7004608442;9939586500;9272122900;6603689596;24833215600;6602304218;26631986800;35303167200;55587410900;6506725695;6603633392;7005983485;57199651650;7004747421;16234048600;26642108200;15070924200;55913343900;6507134671;57204332544;6701856772;36523711700;57203250534;56265310700;6604070042;23135933100;8791932400;6603425237;6602930238;6505757966;7102505441;7004385866;6603036698;16432576300;6603018265;7006392485;36490343100;36523570600;26326551300;7003744325;55337191500;57198118088;6701750764;36523904700;57203052636;54790196200;7006790230;6701722727;6603044987;35410388500;55838093600;6506383519;15844178300;8137591800;7404952697;6701484532;14523629000;57202554545;16640306300;7005641598;35414646000;7103289119;56442086800;54790207500;36192213900;7006585484;36483517300;6506672124;7402891599;6701833324;35724434000;35410597600;7801560160;56284462900;7401819741;6602565951;6506892358;10639444300;55975230100;6603658512;36344414400;55398967000;7006341962;7004256499;7403653187;55575047000;6507205575;55472872600;16199171600;56897306900;36483605800;35312953000;6602075270;56273947300;16302735200;,Joint Analysis of BICEP2/Keck Array and Planck Data,2015,Article__Physical Review Letters__2015,Physical Review Letters,114,10,101301,1,17,NA,522,10.1103/PhysRevLett.114.101301,https://www.scopus.com/inward/record.uri?eid=2-s2.0-84925425785&doi=10.1103%2fPhysRevLett.114.101301&partnerID=40&md5=fc91a328ad94fbd665656b3e743e575c,Article,Final,Open Access,Scopus,2-s2.0-84925425785
open access,56853821700;36081211800;55588083600;55366781900;6602751682;,Taking the human out of the loop: A review of Bayesian optimization,2016,Review__Proceedings of the IEEE__2016,Proceedings of the IEEE,104,1,7352306,148,175,NA,220,10.1109/JPROC.2015.2494218,https://www.scopus.com/inward/record.uri?eid=2-s2.0-84949985138&doi=10.1109%2fJPROC.2015.2494218&partnerID=40&md5=42674bc61856de2329e4ff126da6775b,Review,Final,Open Access,Scopus,2-s2.0-84949985138
open access,9939586500;7102114857;55755712400;35227367800;7007012492;57199651650;36483517300;,POLOCALC: A Novel Method to Measure the Absolute Polarization Orientation of the Cosmic Microwave Background,2017,Conference Paper__Journal of Astronomical Instrumentation__2017,Journal of Astronomical Instrumentation,6,2,1740008,NA,NA,NA,6,10.1142/S2251171717400086,https://www.scopus.com/inward/record.uri?eid=2-s2.0-85026868753&doi=10.1142%2fS2251171717400086&partnerID=40&md5=642e4bb1b25ca33f6ccf871087f03f42,Conference Paper,Final,Open Access,Scopus,2-s2.0-85026868753
open access,36802191000;7006265076;,Many-server heavy-traffic limit for queues with time-varying parameters,2014,Article__Annals of Applied Probability__2014,Annals of Applied Probability,24,1,NA,378,421,NA,24,10.1214/13-AAP927,https://www.scopus.com/inward/record.uri?eid=2-s2.0-84892418009&doi=10.1214%2f13-AAP927&partnerID=40&md5=2fcadb15c31dbf8519e7320bfbd39a75,Article,Final,Open Access,Scopus,2-s2.0-84892418009
open access,57193715311;57193715513;8057205100;,A new approach to automatic memory banking using trace-based address mining,2017,Conference Paper__FPGA 2017 - Proceedings of the 2017 ACM/SIGDA International Symposium on Field-Programmable Gate Arrays__2017,FPGA 2017 - Proceedings of the 2017 ACM/SIGDA International Symposium on Field-Programmable Gate Arrays,NA,NA,NA,179,188,NA,7,10.1145/3020078.3021734,https://www.scopus.com/inward/record.uri?eid=2-s2.0-85015984154&doi=10.1145%2f3020078.3021734&partnerID=40&md5=bd6e7c4e76fd9068c4a3b35f0f81597d,Conference Paper,Final,Open Access,Scopus,2-s2.0-85015984154